year,decile,average_change,relative_change
2026,1,0.74,2.6e-05
2026,2,16.53,0.000367
2026,3,16.58,0.000253
2026,4,40.33,0.000494
2026,5,26.67,0.000283
2026,6,34.37,0.000322
2026,7,13.86,0.000105
2026,8,0.28,2e-06
2026,9,0.0,0.0
2026,10,0.0,0.0
