year,decile,average_change,relative_change
2026,1,9.74,0.000528
2026,2,18.11,0.000444
2026,3,34.38,0.000602
2026,4,31.58,0.000424
2026,5,12.61,0.000132
2026,6,8.78,7.4e-05
2026,7,6.21,4.2e-05
2026,8,3.76,2e-05
2026,9,6.17,2.4e-05
2026,10,4.16,7e-06
