year,decile,average_change,relative_change
2026,1,17.91,0.002323
2026,2,51.61,0.002124
2026,3,147.06,0.003548
2026,4,107.94,0.001906
2026,5,50.07,0.000683
2026,6,23.38,0.000253
2026,7,11.66,9.8e-05
2026,8,9.03,5.9e-05
2026,9,6.96,3.3e-05
2026,10,10.16,1e-05
