year,decile,average_change,relative_change
2026,1,22.12,0.002414
2026,2,107.11,0.003425
2026,3,143.64,0.002876
2026,4,74.31,0.001141
2026,5,54.05,0.000669
2026,6,27.88,0.000271
2026,7,23.25,0.000173
2026,8,18.72,0.000108
2026,9,10.15,3.7e-05
2026,10,6.15,8e-06
