year,decile,average_change,relative_change
2026,1,52.34,0.005713
2026,2,297.66,0.009517
2026,3,483.65,0.009684
2026,4,340.34,0.005228
2026,5,268.59,0.003324
2026,6,122.48,0.001189
2026,7,61.58,0.000458
2026,8,61.73,0.000355
2026,9,18.68,6.8e-05
2026,10,9.53,1.2e-05
