year,decile,average_change,relative_change
2026,1,30.22,0.003298
2026,2,190.56,0.006093
2026,3,340.01,0.006808
2026,4,266.03,0.004086
2026,5,214.54,0.002655
2026,6,94.6,0.000919
2026,7,38.33,0.000285
2026,8,43.01,0.000247
2026,9,8.53,3.1e-05
2026,10,3.37,4e-06
