year,decile,average_change,relative_change
2026,1,118.78,0.015406
2026,2,221.13,0.009101
2026,3,518.61,0.012512
2026,4,427.57,0.007549
2026,5,302.24,0.004124
2026,6,114.26,0.001235
2026,7,50.33,0.000425
2026,8,42.89,0.000282
2026,9,13.6,6.5e-05
2026,10,46.23,4.5e-05
