year,decile,average_change,relative_change
2026,1,136.7,0.017729
2026,2,272.74,0.011225
2026,3,665.67,0.016059
2026,4,535.51,0.009455
2026,5,352.31,0.004807
2026,6,137.64,0.001488
2026,7,61.99,0.000523
2026,8,51.93,0.000342
2026,9,20.56,9.8e-05
2026,10,56.39,5.5e-05
