year,bracket,beneficiaries,total_cost,avg_benefit
2026,$0 - $25k,253615.53125,101596640.0,400.5931396484375
2026,$25k - $50k,254762.125,261259552.0,1025.50390625
2026,$50k - $75k,180031.8125,96026816.0,533.3880615234375
2026,$75k - $100k,110676.2734375,57233152.0,517.1221313476562
2026,$100k - $150k,57806.1640625,31554604.0,545.8692016601562
2026,$150k - $200k,36925.61328125,15830174.0,428.7044372558594
2026,$200k+,67912.5625,10468330.0,154.1442413330078
