year,bracket,beneficiaries,total_cost,avg_benefit
2026,$0 - $25k,238841.421875,37925700.0,158.79029846191406
2026,$25k - $50k,222017.6875,79879000.0,359.7866516113281
2026,$50k - $75k,117060.953125,20975608.0,179.1853485107422
2026,$75k - $100k,50641.21875,8298423.5,163.86697387695312
2026,$100k - $150k,45408.078125,8902404.0,196.05331420898438
2026,$150k - $200k,33161.28515625,4454500.5,134.32833862304688
2026,$200k+,63437.546875,6286528.0,99.09790802001953
