year,bracket,beneficiaries,total_cost,avg_benefit
2026,$30k or less,123758.7421875,37672488.0,304.40264892578125
2026,$30k - $40k,25145.673828125,7051717.0,280.4346008300781
2026,$40k - $50k,17361.822265625,3431749.5,197.66067504882812
2026,$50k - $60k,32758.193359375,3986553.0,121.69636535644531
2026,$60k - $80k,42913.79296875,2988438.0,69.63816833496094
2026,Over $80k,0.0,0.0,0.0
