year,bracket,beneficiaries,total_cost,avg_benefit
2026,$0 - $25k,82728.7421875,20682188.0,250.00003051757812
2026,$25k - $50k,35189.52734375,9752262.0,277.1353454589844
2026,$50k - $75k,30904.08984375,5576033.5,180.43028259277344
2026,$75k - $100k,130189.7734375,14224068.0,109.25641632080078
2026,$100k - $150k,5404.94140625,2115249.0,391.3546447753906
2026,$150k - $200k,2489.272216796875,501991.1875,201.66183471679688
2026,$200k+,2.1857471466064453,109.287353515625,50.0
