year,bracket,beneficiaries,total_cost,avg_benefit
2026,$0 - $25k,144963.5625,257803952.0,1778.4051513671875
2026,$25k - $50k,145605.6875,232462240.0,1596.5189208984375
2026,$50k - $75k,95936.421875,78717360.0,820.5159301757812
2026,$75k - $100k,42657.7734375,25954288.0,608.430419921875
2026,$100k - $150k,30817.88671875,23314926.0,756.5387573242188
2026,$150k - $200k,6796.98291015625,11507103.0,1692.97216796875
2026,$200k+,12383.7509765625,16291010.0,1315.5150146484375
