year,bracket,beneficiaries,total_cost,avg_benefit
2026,$0 - $25k,342409.25,318382112.0,929.8291625976562
2026,$25k - $50k,223576.703125,298628128.0,1335.685302734375
2026,$50k - $75k,142345.765625,88622088.0,622.583251953125
2026,$75k - $100k,77087.7890625,30272848.0,392.7061462402344
2026,$100k - $150k,82095.5390625,29318148.0,357.122314453125
2026,$150k - $200k,27716.857421875,13513810.0,487.56646728515625
2026,$200k+,54989.5390625,20764872.0,377.6149597167969
