year,bracket,beneficiaries,total_cost,avg_benefit
2026,$30k or less,134617.8125,35249780.0,261.8507995605469
2026,$30k - $40k,39670.8984375,9819940.0,247.5351104736328
2026,$40k - $50k,53873.62890625,9948616.0,184.66578674316406
2026,$50k - $60k,10398.857421875,1262915.625,121.44754028320312
2026,$60k - $80k,79425.4375,4096112.75,51.571800231933594
2026,Over $80k,0.0,0.0,0.0
