year,bracket,beneficiaries,total_cost,avg_benefit
2026,$0 - $25k,38153.97265625,63670944.0,1668.7894287109375
2026,$25k - $50k,151092.0,181380560.0,1200.46435546875
2026,$50k - $75k,114063.6015625,75051216.0,657.9769287109375
2026,$75k - $100k,79999.96875,48934728.0,611.684326171875
2026,$100k - $150k,26176.625,22652200.0,865.35986328125
2026,$150k - $200k,11324.2685546875,11375673.0,1004.539306640625
2026,$200k+,7732.533203125,4181802.0,540.8062133789062
