year,bracket,beneficiaries,total_cost,avg_benefit
2026,$0 - $25k,280589.875,60578180.0,215.89581298828125
2026,$25k - $50k,174148.8125,66165904.0,379.9388732910156
2026,$50k - $75k,82457.7109375,9904659.0,120.1180419921875
2026,$75k - $100k,41951.00390625,4318560.0,102.94294738769531
2026,$100k - $150k,63854.69921875,6003220.5,94.01376342773438
2026,$150k - $200k,24520.8125,2006712.5,81.83711242675781
2026,$200k+,46592.69140625,4473937.0,96.02229309082031
